lat,lon,MaxWind,RMW,MIN_SLP,SHR_MAG,SHR_HDG,STM_SPD ,STM_HDG,SST,OHC,TPW,LAND,850TANG,850VORT,200DVRG,class
28.6,282.5,44,65,994,36,86,15,59,263,9999,48,301,138,32,99,0
29.9,285.1,50,120,993,31,84,22,49,260,9999,50,541,154,26,79,0
30.9,287.5,56,163,991,34,86,23,53,262,9999,51,572,172,40,97,0
32.1,289.9,59,135,985,32,81,21,68,251,9999,48,651,188,31,86,0
33,292,57,136,986,32,87,23,67,251,9999,45,779,186,30,38,0
33.7,294.8,52,176,991,36,85,24,68,247,9999,44,1000,191,42,27,0
34.7,297.8,52,112,992,32,84,24,80,238,9999,40,1018,179,71,23,0
33,280.3,37,12,1012,26,151,8,40,263,9999,50,-10,37,-102,6,0
33.2,280.9,34,117,1013,20,155,6,51,266,9999,49,21,47,-87,5,0
33.9,281.8,26,156,1014,24,155,8,49,272,9999,50,4,37,-63,-30,0
37.9,315.3,40,151,1010,9,178,3,28,271,9999,43,1197,70,-58,7,0
38.1,315.3,65,139,1005,12,168,2,90,271,9999,42,1178,88,-58,-22,0
38,315.9,65,100,999,11,139,1,90,266,9999,43,1217,91,-41,-29,0
37.9,316.4,62,139,994,14,127,2,22,265,9999,41,1251,116,-34,-8,0
38,316.7,87,193,990,13,92,4,284,265,9999,41,1258,130,-19,2,0
38,316.5,66,102,990,9,73,1,218,265,9999,41,1247,132,-22,49,0
37.9,316.5,74,90,987,10,90,3,310,230,9999,42,1256,133,-36,12,0
38,316.5,78,163,988,3,135,5,258,231,9999,41,1247,138,-23,54,0
38.1,316,80,75,988,5,42,5,270,246,9999,41,1213,154,-28,-51,0
38,315.4,62,110,988,2,52,2,270,258,9999,41,1192,158,-19,-27,0
38,315,74,70,985,4,14,3,270,260,9999,41,1173,185,-23,-10,0
38,314.8,75,166,986,1,247,1,322,262,9999,39,1164,198,-9,24,0
38.1,314.7,79,161,980,8,94,4,360,262,9999,41,1150,208,11,38,0
38.3,314.8,83,122,976,5,83,5,30,260,9999,41,1136,212,-5,34,0
38.7,315.1,105,59,972,14,63,5,17,257,9999,42,1113,220,12,-17,0
39.3,315.4,84,134,972,13,41,7,33,257,9999,42,1074,226,10,5,0
39.9,315.9,80,130,973,15,29,9,30,259,9999,44,1049,223,30,15,0
40.8,316.5,83,90,973,21,31,8,23,254,9999,42,1012,223,26,43,0
41.4,317.1,73,82,977,18,27,6,20,252,9999,44,1005,225,26,41,0
41.9,317.7,62,124,983,18,26,4,62,256,9999,41,1011,197,47,-6,0
42,318.3,68,63,984,18,27,6,60,255,9999,42,1046,218,60,3,0
42.3,319.1,68,139,984,18,15,7,66,256,9999,41,1084,228,74,2,0
42.5,320.1,65,75,984,18,29,11,62,252,9999,42,1144,227,54,32,0
43,321.2,71,58,976,15,33,12,53,245,9999,41,1199,236,79,9,0
43.3,322.9,75,118,968,15,25,16,52,241,9999,41,1313,246,68,90,0
44.4,324.3,70,97,968,19,43,14,56,234,9999,40,1369,233,65,38,0
45.1,326.4,71,88,972,21,41,16,43,214,9999,38,1499,224,63,14,0
46.3,327.7,69,81,973,21,52,14,25,202,9999,37,1561,216,58,-17,0
47.2,328.6,63,191,969,30,40,14,11,204,9999,37,1609,200,103,34,0
18.2,300.2,39,125,1005,10,34,12,260,286,9999,57,623,77,58,28,0
18.7,299.4,47,80,1006,13,60,10,275,286,9999,55,539,70,41,16,0
18.8,298.3,41,188,1003,14,71,12,275,287,9999,54,425,74,22,22,0
19.2,297.1,37,175,1003,14,46,9,270,287,9999,54,311,80,31,46,0
19.5,296,43,55,998,17,49,13,270,288,9999,54,223,83,18,4,0
19.5,295.6,44,62,999,15,67,10,301,290,9999,54,191,91,4,17,0
19.4,295.6,37,138,1000,15,74,12,333,290,9999,55,183,77,-10,37,0
20,295.1,46,133,999,14,62,4,13,289,9999,55,203,93,8,23,0
20.2,294.8,47,26,997,18,63,5,21,285,9999,54,207,88,10,30,0
20.5,294.6,46,81,998,20,75,6,9,285,9999,54,231,92,-6,24,0
21.5,294.9,62,142,998,20,68,4,328,286,9999,54,346,130,-20,14,0
21.9,294.8,54,193,998,19,47,3,360,288,9999,53,387,130,-12,51,0
22.4,294.8,64,173,995,25,60,5,340,283,9999,52,441,134,9,43,0
23.1,294.7,56,67,994,29,74,8,323,285,9999,52,516,127,2,7,0
23.5,294.3,63,59,995,29,76,6,351,285,9999,53,556,139,-6,-6,0
23.9,294.3,65,102,992,27,81,4,360,286,9999,53,601,154,2,44,0
24.6,294.2,87,53,983,29,79,3,343,284,9999,52,678,162,11,16,0
24.9,294.1,72,126,981,25,82,5,10,285,9999,52,709,159,4,-15,0
25.4,294.2,74,102,979,25,89,7,14,285,9999,51,760,171,6,-12,0
26.1,294.4,74,89,973,17,79,7,31,287,9999,52,836,178,14,-7,0
26.8,294.5,82,154,969,15,70,9,6,281,9999,52,908,184,17,15,0
27.7,294.5,92,61,966,10,77,10,15,286,9999,52,995,209,7,24,0
28.6,294.7,86,139,962,4,51,10,21,291,9999,54,1093,203,33,36,0
29.7,295.3,93,115,962,3,33,12,31,291,9999,53,1228,211,68,26,0
30.6,295.7,81,129,962,4,50,14,38,281,9999,55,1210,196,68,15,0
31.9,296.8,84,113,963,6,107,18,42,287,9999,54,1243,188,101,18,0
33.4,298.1,86,38,961,9,23,21,52,285,9999,55,1165,205,110,13,0
35,300.3,95,71,953,11,27,30,45,286,9999,56,1068,224,155,47,0
37.2,303.2,92,91,954,18,35,33,33,275,9999,56,962,231,173,86,0
40,305.6,88,159,954,28,43,27,32,271,9999,53,747,244,174,30,0
42.4,306.7,83,124,955,42,47,7,17,235,9999,46,478,288,195,65,0
43.3,307.2,76,56,961,36,29,2,90,223,9999,41,379,273,226,14,0
16.3,310.9,39,126,1009,11,58,7,262,281,9999,54,1293,74,6,4,0
16.6,309.9,45,161,1007,11,72,8,285,285,9999,52,1284,80,-2,25,0
16.7,308.7,54,149,1001,13,80,9,263,282,9999,54,1235,87,10,48,0
16.5,307.6,49,133,1002,13,79,9,263,282,9999,52,1124,92,7,35,0
16.5,306.4,54,133,1000,12,79,6,260,284,9999,53,1020,99,6,27,0
16.3,305.1,46,127,1006,9,95,9,257,288,9999,52,899,92,1,51,0
16.1,303.8,53,172,1005,9,96,10,270,289,9999,50,785,105,8,38,0
15.7,302.5,54,133,1005,14,89,12,275,291,9999,51,663,119,-3,-5,0
16.3,299.7,39,109,1007,13,80,13,270,293,9999,52,614,86,8,-8,0
16.5,298.4,56,45,1002,13,56,12,270,291,9999,53,479,128,0,27,0
16.3,297.2,54,149,1000,14,77,10,264,294,9999,53,379,118,23,73,0
16.3,296.9,45,143,999,9,85,7,278,294,9999,55,352,105,36,71,0
16.7,295.8,53,111,1002,7,59,4,298,295,9999,55,231,116,33,113,0
16.4,295.3,48,59,997,9,38,8,307,293,9999,56,219,125,46,79,0
16.9,294.5,56,110,995,15,65,8,307,292,9999,55,129,121,38,62,0
17.1,293.9,65,71,990,16,70,8,316,292,9999,56,100,124,46,58,0
17.8,293.1,89,124,984,17,72,7,287,288,9999,57,13,141,56,60,0
18.1,292.2,84,63,982,15,54,5,308,292,9999,55,63,145,42,69,0
18.2,291.6,85,19,974,14,62,6,330,287,9999,55,15,148,43,75,0
18.7,291.1,86,70,979,18,64,8,338,274,9999,55,-24,148,35,69,1
19.6,290.5,83,99,969,14,71,7,328,287,9999,56,33,167,34,60,0
20.3,289.9,107,138,972,15,62,9,321,288,9999,57,64,163,37,92,0
20.8,289.3,103,78,964,19,72,9,335,291,9999,55,114,173,31,56,0
21.6,288.8,118,168,960,26,93,9,330,291,9999,54,200,157,28,34,0
22.3,288.3,110,141,958,17,94,5,340,292,9999,55,278,172,32,109,0
24.2,288.3,137,107,937,15,86,9,6,292,9999,57,487,213,45,74,0
28,289.4,108,104,929,17,92,15,24,294,9999,54,912,286,31,85,0
29.7,290,112,95,929,12,72,14,30,294,9999,55,833,287,11,32,0
30.9,291,116,169,926,8,96,21,35,282,9999,53,815,323,43,54,0
34.3,295,111,138,931,19,85,40,37,271,9999,52,949,327,124,174,0
37.5,298.4,110,126,934,23,48,47,10,271,9999,48,744,302,166,169,0
42.4,299.3,100,142,932,52,3,26,354,220,9999,39,306,343,243,133,0
47.1,298.3,80,165,938,46,344,5,40,150,9999,23,70,320,262,49,0
47.6,299.3,63,54,951,37,356,14,22,143,9999,23,79,232,268,55,0
37.9,317.9,57,107,998,27,31,14,46,251,9999,40,1332,106,-40,19,0
41.1,327.2,58,194,997,29,74,10,90,233,9999,36,1740,132,-62,-12,0
41,328.8,65,142,997,29,101,9,102,236,9999,35,1838,138,-79,-52,0
40.5,330.8,56,177,994,23,115,7,180,235,9999,33,1689,137,-31,-10,0
39.8,331.4,74,165,995,26,123,7,213,236,9999,35,1663,134,-16,-18,0
39,331.1,58,49,999,26,138,6,241,233,9999,35,1702,123,-16,-7,0
38,329.7,45,41,1001,24,96,9,277,241,9999,37,1839,116,15,-24,0
38.2,328.7,44,19,1002,27,91,10,288,245,9999,38,1922,110,3,-6,0
38.5,327.3,46,74,998,22,83,11,292,240,9999,38,1901,101,-8,-8,0
38.8,326,47,166,996,15,96,12,305,245,9999,36,1789,105,-34,-32,0
39.3,324.1,43,113,998,31,133,10,258,240,9999,36,1622,106,-46,2,0
39.2,322.9,40,50,1000,35,155,6,241,237,9999,37,1545,93,-27,-50,0
14.1,290.3,32,64,1007,26,221,17,277,299,9999,54,225,77,-4,6,0
14.8,288.6,35,78,1004,14,228,17,277,292,9999,57,258,66,2,51,0
14.3,285.6,37,39,1004,13,170,16,266,294,9999,57,345,71,31,33,0
14.3,283.9,40,100,1005,8,178,13,265,294,9999,57,389,74,56,52,0
14.5,282.8,40,38,1002,2,162,13,279,290,9999,57,356,79,57,83,0
14.6,281.6,40,101,1006,3,103,9,289,294,9999,57,363,90,52,64,0
15,280.6,36,77,1004,7,149,11,316,298,9999,58,360,89,54,49,0
15.7,280,40,103,1005,7,209,14,322,298,9999,58,331,96,69,64,1
16.9,279.1,52,149,992,0,323,12,320,296,9999,57,311,115,73,92,1
17.7,278.3,74,31,985,4,59,12,330,298,9999,58,340,145,48,107,1
18.7,277.6,73,71,980,1,58,14,331,297,9999,58,375,143,40,79,1
19.7,277,77,75,976,4,325,11,350,301,9999,60,265,162,47,121,0
20.8,276.7,88,162,965,5,346,12,341,296,9999,59,145,170,66,132,0
21.8,276.4,101,106,951,9,20,10,355,302,9999,58,44,189,49,111,0
22.6,276.4,119,169,947,14,26,8,13,269,9999,58,-16,212,42,112,1
23.5,276.7,108,121,946,15,29,9,17,294,9999,58,72,216,72,123,1
24.4,277,106,35,948,22,28,10,10,290,9999,57,163,208,99,107,0
25.2,277,104,92,953,26,33,7,14,295,9999,55,152,206,101,136,0
26,277.3,142,107,934,25,19,7,7,298,9999,50,86,236,97,132,0
26.5,277.7,142,98,932,26,26,9,24,289,9999,51,27,238,98,117,0
27.3,278.3,99,90,955,35,39,5,56,264,9999,49,-76,250,114,125,0
27.7,278.9,65,81,984,34,62,8,41,273,9999,51,-66,232,117,93,0
28.5,279.3,60,115,985,25,58,8,51,278,9999,48,-8,188,136,121,0
29,279.9,69,125,987,27,49,9,63,289,9999,47,72,188,126,160,0
29.7,280.6,69,175,984,37,49,5,341,288,9999,43,170,189,122,112,0
30.2,280.9,73,108,982,38,59,13,15,285,9999,44,211,195,83,81,0
31.5,281,78,85,983,38,61,16,3,286,9999,43,168,213,86,102,0
33.3,280.8,78,119,974,44,43,13,356,225,9999,41,7,239,95,110,0
18.2,339.7,36,104,1001,16,21,6,302,265,9999,57,425,88,66,96,0
18.9,339.3,50,68,1001,20,27,5,293,265,9999,57,446,92,81,86,0
20.5,339.2,45,111,1002,20,56,9,360,256,9999,53,399,82,66,74,0
21.7,339.5,31,125,1003,21,56,10,360,253,9999,51,367,88,66,89,0
22.5,339.5,26,124,1006,22,61,12,9,249,9999,49,374,78,56,50,0
34.3,298,37,104,1007,13,59,5,270,207,9999,27,1066,123,123,-28,0
34.5,297.3,46,69,1006,5,158,5,212,210,9999,28,1029,112,131,-20,0
34.2,297.4,36,9,1008,8,84,6,51,205,9999,27,1063,115,119,-23,0
36.1,299.8,33,87,1007,10,153,14,56,213,9999,27,939,79,17,-37,0
36.8,301.2,30,92,1006,9,131,19,65,205,9999,27,937,67,4,-47,0
37.7,291.8,57,105,997,31,58,31,59,261,9999,42,483,69,22,43,0
39.6,296.1,53,154,1000,34,65,24,55,239,9999,42,453,79,-11,74,0
40.9,299.1,52,176,997,35,67,27,54,227,9999,38,456,74,-19,60,0
29.5,269,47,127,1007,29,94,17,39,252,9999,49,-20,90,-90,22,0
31.3,270.6,37,103,1007,18,87,13,28,250,9999,48,-104,94,-125,87,0
32,271.2,37,137,1008,17,62,11,64,276,9999,47,-163,118,-86,104,0
32.7,272.1,24,120,1005,25,76,9,56,265,9999,46,-222,85,-84,98,0
33.5,273.8,18,174,1006,14,103,12,85,240,9999,44,-333,89,-81,49,0
33.2,275.1,21,95,1007,5,65,17,83,234,9999,45,-328,82,-79,44,0
33.4,277.3,27,160,1008,10,88,18,60,254,9999,48,-222,67,-64,-25,0
34.1,279.3,27,49,1008,6,119,18,77,250,9999,46,-158,63,-58,33,0
34.9,281.8,33,87,1007,8,79,19,72,250,9999,47,-82,64,-89,24,0
36.1,283.9,32,77,1006,13,19,21,71,251,9999,47,-20,75,-35,101,0
36.8,286.4,39,112,1003,11,52,30,62,219,9999,48,199,69,-39,57,0
37.8,289.7,42,55,1002,4,153,30,45,257,9999,48,384,64,-31,75,0
32,280.5,36,33,1010,9,313,15,294,269,9999,41,96,59,-64,11,0
32.4,279.3,37,52,1014,2,251,15,306,270,9999,42,-7,55,-76,-14,0
9.2,312.2,32,141,1005,11,177,18,293,278,9999,54,691,104,76,44,0
9.9,309.9,42,62,1005,9,183,20,281,278,9999,56,605,115,69,66,0
10.7,307.4,39,99,1005,6,216,18,270,282,9999,54,577,98,74,43,1
11.3,305.6,49,94,1001,5,168,25,277,277,9999,56,614,109,53,75,1
12.3,302.7,50,98,1001,10,131,24,287,278,9999,53,436,123,63,40,0
13,300.2,77,87,996,18,131,27,288,276,9999,54,277,137,56,32,0
13.8,297.6,78,96,998,11,135,26,286,278,9999,55,344,129,28,46,0
14.5,294.9,73,134,996,12,144,24,294,278,9999,56,398,137,35,29,0
15.8,292.1,64,102,997,16,127,23,290,281,9999,53,256,115,47,22,0
16.6,289.7,67,92,999,18,134,22,288,282,9999,55,161,103,38,25,0
17.3,287.2,69,100,1002,17,133,14,287,281,9999,53,89,99,33,10,0
17.6,285.3,54,199,1004,9,113,11,275,286,9999,55,80,75,31,28,0
18.4,283.8,51,64,1007,23,129,17,317,286,9999,55,31,73,18,52,0
19.4,282.5,54,152,1008,17,127,14,317,297,9999,54,44,66,-9,36,0
20.2,281.2,56,151,1004,13,113,13,308,292,9999,55,92,64,-20,9,0
20.8,280.4,54,79,1003,15,116,12,317,292,9999,52,87,76,-47,30,0
21.5,279.2,65,135,1006,17,109,12,317,302,9999,52,56,75,-45,51,0
22.2,278.4,54,71,1006,13,81,7,312,292,9999,53,-15,94,-23,72,0
23,277.9,58,70,1007,11,77,10,314,276,9999,53,-16,92,-45,56,0
23.8,277.6,55,78,1007,22,89,14,334,290,9999,50,77,74,-60,49,0
24.5,277.3,52,82,1005,20,94,11,340,288,9999,50,161,71,-62,43,0
25.3,277,61,37,999,21,88,11,346,286,9999,50,146,100,-23,68,0
26.7,276.8,66,116,996,21,118,11,346,278,9999,51,77,105,-35,11,0
27.9,276.5,59,75,1005,20,122,15,357,282,9999,51,70,95,-64,42,0
29.2,276.4,53,164,999,20,107,11,351,280,9999,53,44,101,-47,3,0
30.5,276.5,39,49,1004,24,93,13,20,260,9999,52,-68,84,-43,29,0
32.9,278.1,41,70,1008,15,96,16,40,250,9999,50,-129,81,-56,16,0
34.3,279.5,39,27,1007,15,82,18,37,249,9999,49,-153,93,-43,17,0
37.1,283.1,42,106,1007,17,86,22,40,260,9999,48,-83,84,18,145,0
38.4,284.4,46,117,1001,13,64,25,55,254,9999,48,-40,102,85,32,0
40,287.1,43,97,1001,22,34,23,43,225,9999,47,83,106,80,66,0
13.7,301.4,31,78,1009,7,166,14,299,284,9999,52,414,63,31,8,0
14.8,300.1,26,96,1009,4,93,14,296,283,9999,51,460,57,40,21,0
15.3,298.6,30,93,1009,6,96,16,309,284,9999,51,502,56,46,28,0
16.4,297,27,125,1011,9,103,15,289,285,9999,49,355,62,34,19,0
16.7,295.2,28,49,1011,5,101,15,286,287,9999,50,186,55,47,36,0
17.4,293.9,35,110,1009,11,82,20,270,286,9999,51,67,60,33,35,0
17.6,292.4,45,88,1008,13,94,16,288,290,9999,49,61,63,24,-21,0
18,291,45,122,1005,17,110,9,289,287,9999,50,31,70,31,-5,0
18.4,289.7,34,68,1008,18,124,16,324,280,9999,47,-16,49,33,4,0
19.4,288.3,48,198,1011,19,110,14,294,248,9999,49,-42,49,26,35,0
20.2,287.4,28,133,1012,22,111,15,286,283,9999,49,33,36,2,58,0
21,286.1,29,65,1012,19,112,10,288,294,9999,50,98,36,-14,46,0
21.1,285.3,25,109,1013,15,90,10,301,290,9999,51,57,46,1,18,0
21.4,284.9,29,187,1012,18,95,14,291,292,9999,53,68,43,-1,18,0
22.2,282.5,28,90,1012,17,71,14,278,294,9999,54,42,41,-14,5,0
22.2,280.9,35,36,1013,20,62,10,264,327,9999,55,-11,52,6,5,0
22.4,280.2,30,161,1012,18,75,12,279,274,9999,56,-30,56,15,29,0
22.9,278.8,26,106,1013,19,78,15,290,277,9999,53,-18,49,6,-12,0
22.7,278,28,130,1013,16,98,4,317,289,9999,56,-15,42,9,-17,0
23.5,276,28,78,1013,9,69,1,180,303,9999,56,92,53,22,3,0
23.4,276,28,38,1012,12,59,12,342,304,9999,56,81,61,38,37,0
23.8,275.6,32,32,1011,15,81,15,357,304,9999,53,138,60,6,2,0
25.9,275.5,39,79,1007,17,84,11,315,300,9999,55,234,67,-15,-22,0
26.4,274.8,41,101,1006,17,52,8,309,299,9999,55,276,82,18,24,0
27,274.3,49,148,1000,18,57,8,333,297,9999,54,300,91,18,78,0
27.5,274.1,42,8,1004,17,66,12,352,297,9999,54,249,89,23,47,0
28.7,274.3,54,39,993,18,41,7,346,297,9999,54,115,105,19,-4,0
29.5,274.5,54,90,994,23,38,10,5,297,9999,54,24,104,15,41,0
30.8,274.7,45,145,999,22,40,8,342,252,9999,53,-77,110,2,38,0
15.2,311.4,31,59,1009,3,329,26,281,274,9999,53,1207,51,-33,-12,0
15.2,309.1,30,146,1008,3,315,21,284,277,9999,53,1109,54,-38,-23,0
15.6,306.9,40,142,1008,1,98,20,267,277,9999,55,1007,64,-26,-21,0
15.6,305.3,44,98,1006,0,86,18,289,280,9999,52,865,62,-42,-12,0
16.1,303,36,150,1005,4,99,18,289,282,9999,54,731,65,-33,31,0
15.8,300.1,24,89,1013,1,228,13,292,283,9999,56,568,58,-11,36,0
16.7,298.5,35,148,1010,8,55,16,274,284,9999,56,479,62,-14,7,0
16.7,296.4,35,140,1010,12,59,11,281,287,9999,54,283,66,-5,41,0
17,294.7,31,168,1009,13,98,13,279,288,9999,55,128,61,3,66,0
16.8,293,29,39,1012,12,134,9,298,289,9999,55,124,56,6,74,0
17.1,291.8,36,104,1011,11,119,8,291,292,9999,56,123,65,5,41,0
16.9,290.5,28,60,1010,12,138,10,287,290,9999,55,158,53,8,45,0
17.6,289.2,38,119,1006,13,146,13,288,286,9999,54,52,64,-1,32,0
17.9,288.2,36,116,1009,7,111,14,278,273,9999,54,13,57,9,44,0
17.8,286.8,44,35,1009,7,90,19,267,286,9999,53,43,54,11,73,0
17.9,285.2,42,103,1005,10,113,14,296,294,9999,52,55,59,7,49,0
18.2,283.9,44,124,1005,10,116,14,274,290,9999,53,29,77,12,36,0
18.3,282.5,44,65,1004,8,110,10,265,283,9999,55,-13,84,27,18,0
18.4,281.4,52,75,1000,10,99,15,281,296,9999,54,39,96,22,21,0
18.7,279.9,50,120,1000,15,125,17,290,296,9999,52,198,102,-4,-8,0
19.1,278.6,66,140,993,18,137,17,287,297,9999,53,323,116,-22,8,0
19.6,276.9,67,172,993,12,130,15,281,297,9999,54,270,118,-16,44,0
19.8,275.2,73,91,987,13,110,16,281,297,9999,54,222,152,-10,70,0
19.9,273.6,68,84,985,14,145,15,293,297,9999,52,101,135,-34,64,0
20.1,271.9,59,146,994,11,172,13,284,269,9999,53,-78,163,-13,18,0
20.5,270.5,50,2,997,11,194,13,284,265,9999,53,-76,156,-5,40,1
20.8,269,58,138,994,6,167,17,273,291,9999,55,67,134,-15,-10,1
20.7,267.3,60,172,993,10,168,10,270,295,9999,54,234,135,-8,26,1
20.6,266.3,75,35,981,15,184,8,270,299,9999,54,246,157,2,2,1
20.5,265.4,84,110,979,14,170,8,292,301,9999,52,207,150,21,-24,1
20.7,264.3,96,73,967,16,159,12,265,299,9999,50,119,154,34,-3,0
20.6,262.8,107,162,961,15,169,10,208,256,9999,47,-22,144,51,-3,0
19.9,261.7,108,127,989,13,197,16,255,131,9999,47,-161,112,63,21,0
30.8,296.8,40,164,1008,9,172,0,0,277,9999,46,1293,83,-53,-22,0
30.6,296.6,49,68,1004,12,177,2,300,278,9999,45,1286,79,-52,-28,0
30.3,296.2,51,131,1004,7,160,6,270,283,9999,47,1268,86,-39,-34,0
30.4,295.8,49,121,1000,7,157,5,270,283,9999,47,1229,99,-30,-4,0
30.2,295.5,67,121,998,10,152,8,263,284,9999,48,1215,99,-25,-60,0
30.1,294.7,61,92,998,14,172,8,277,286,9999,47,1155,111,-33,13,0
30,293.9,55,179,998,17,190,9,277,288,9999,48,1098,111,-31,1,0
30,292.9,61,122,997,17,198,9,270,292,9999,48,1020,95,-37,-39,0
29.8,292,67,89,995,18,194,10,264,289,9999,50,967,113,-50,-57,0
29.5,290,60,125,993,26,208,7,286,291,9999,51,849,124,-22,10,0
29.6,289,52,102,998,24,211,10,282,290,9999,51,775,98,-40,59,0
29.7,287.9,59,54,997,22,204,8,300,283,9999,50,702,122,-53,3,0
30,287.2,64,79,995,22,185,7,308,287,9999,50,636,129,-40,6,0
30,286.4,52,185,996,20,185,5,360,289,9999,51,599,116,-26,1,0
30.8,286.2,59,53,992,16,180,8,6,288,9999,52,511,123,-26,24,0
31.5,286.2,55,78,996,15,159,12,17,281,9999,51,444,119,-21,28,0
32.4,286.6,59,95,995,14,161,15,23,283,9999,50,392,123,-13,22,0
33.6,287.4,61,105,993,10,169,21,20,285,9999,52,364,131,-27,40,0
35.4,288.2,59,64,989,1,194,22,15,284,9999,51,372,132,-30,-21,0
37.6,289.1,72,70,987,4,290,18,2,289,9999,51,366,129,5,18,0
39.4,289,62,88,985,9,294,13,353,262,9999,49,197,143,-27,16,0
40.7,288.7,52,105,983,11,301,10,333,243,9999,48,68,138,-15,32,0
16.3,281,32,95,1003,5,90,10,293,285,9999,58,216,71,81,71,0
17.7,280.9,32,122,1006,9,36,12,300,290,9999,56,101,64,60,75,1
18.1,280,39,68,1005,8,37,12,326,281,9999,56,180,82,70,118,1
19.5,279.1,40,49,1003,13,56,12,317,288,9999,57,266,85,50,85,0
20.3,278.3,51,101,996,10,52,14,323,292,9999,56,195,114,45,105,0
21.6,277.3,69,33,985,13,42,14,317,290,9999,56,98,135,45,93,0
22.5,276.5,76,138,986,11,33,13,314,273,9999,56,-31,131,46,59,0
23.5,275.3,71,135,985,11,61,14,318,294,9999,56,123,136,23,23,1
24.4,274.3,75,116,983,9,75,13,321,295,9999,55,264,150,28,46,1
25.6,273.4,93,72,975,5,66,16,313,300,9999,57,425,157,31,69,1
26.6,272.5,97,134,966,5,72,15,311,298,9999,57,329,149,11,45,1
27.6,271.3,106,100,953,9,153,13,316,298,9999,57,177,166,-23,37,0
28.5,270.4,134,48,931,12,152,9,323,301,9999,59,73,193,-40,9,0
29.2,269.7,132,77,932,7,118,7,336,292,9999,58,3,193,-24,34,0
29.9,269.4,112,61,937,15,106,9,337,251,9999,59,-29,213,-26,51,0
31.5,269.3,39,150,993,18,105,11,360,255,9999,58,-135,147,-44,42,0
21.1,309.2,43,73,1006,40,124,11,355,277,9999,47,1580,61,2,-8,0
22.2,309.1,30,117,1008,32,123,5,360,277,9999,46,1603,50,-2,-15,0
22.6,309.1,27,86,1008,30,115,3,43,277,9999,48,1613,57,-9,0,0
22.8,309,29,100,1007,33,124,5,35,278,9999,45,1609,57,-15,-21,0
23.3,309.3,31,53,1007,32,128,7,353,277,9999,47,1654,49,-23,13,0
24.1,309.1,32,187,1007,21,141,5,340,279,9999,46,1663,42,-36,9,0
34.5,312.3,42,118,997,21,64,16,63,271,9999,43,1430,88,43,34,0
36,314.4,66,86,995,32,40,20,67,267,9999,39,1344,98,59,52,0
12.2,336.1,45,53,1002,12,234,22,286,276,9999,58,749,107,78,73,0
12.3,333.3,48,189,1003,4,244,15,270,285,9999,59,1032,137,94,0,0
12.4,331.6,55,179,994,2,78,16,277,279,9999,58,1207,145,90,1,0
12.5,329.9,62,92,991,4,147,16,274,275,9999,60,1384,156,78,60,0
12.9,328.6,67,120,985,8,130,19,270,275,9999,58,1514,176,66,48,0
13.3,326.6,72,137,983,6,119,15,270,272,9999,58,1722,196,68,48,0
13.5,324.9,70,154,983,4,121,18,273,270,9999,57,1901,204,48,72,0
13.9,323.4,73,171,984,7,74,16,281,268,9999,58,1904,209,52,66,0
14.4,321.8,79,133,979,8,57,16,284,268,9999,57,1833,212,59,16,0
14.6,320,83,72,978,5,48,14,286,270,9999,58,1702,238,87,40,1
14.8,318.5,87,169,978,6,0,15,294,271,9999,58,1606,252,82,89,0
15.2,317.3,95,175,963,4,333,16,293,268,9999,60,1559,237,81,115,0
16,316,99,148,964,4,53,16,293,268,9999,57,1540,225,74,72,0
16.5,314.8,113,165,958,3,334,14,296,270,9999,59,1508,233,73,50,0
17.1,313.5,110,115,955,5,17,12,306,269,9999,57,1495,231,67,28,0
17.7,312.5,106,123,958,7,10,12,306,269,9999,57,1508,221,59,-5,0
18.4,311.5,106,120,958,6,52,12,313,271,9999,54,1533,224,43,69,0
19.1,310.7,122,114,953,8,71,13,314,272,9999,54,1558,238,32,6,0
20.1,309.9,112,170,951,11,80,12,310,276,9999,53,1559,242,24,30,0
20.7,309,118,158,953,13,63,12,317,273,9999,52,1534,245,11,5,0
21.2,308,104,118,955,10,62,10,309,279,9999,51,1469,227,-2,1,0
21.8,307.3,110,94,956,12,73,10,309,282,9999,50,1412,231,-6,1,0
22.2,306.4,102,80,955,15,64,7,317,283,9999,52,1334,240,-15,-5,0
22.7,305.8,114,4,950,15,75,8,327,271,9999,52,1293,248,-9,-6,0
23.4,305.1,104,120,955,15,92,8,332,278,9999,51,1257,241,-12,-12,0
24,304.7,100,111,964,14,101,10,326,285,9999,51,1250,233,-7,33,0
24.7,304.2,105,115,968,11,111,10,322,286,9999,52,1246,216,-12,67,0
25.4,303.6,101,129,968,8,115,9,318,277,9999,53,1242,221,-14,61,0
26.2,302.9,99,55,962,7,97,12,324,283,9999,52,1246,259,-18,29,0
27.1,302.2,99,149,965,2,107,14,324,288,9999,53,1270,223,2,34,0
28.3,301.2,96,145,962,6,39,13,316,291,9999,54,1313,244,6,40,0
29.1,300.1,81,174,968,8,20,13,322,281,9999,55,1331,242,5,40,0
33,297.8,80,138,966,7,9,15,354,283,9999,52,1202,193,6,33,0
34.4,297.7,78,153,966,4,39,21,2,275,9999,52,1048,205,-21,7,0
36.5,297.8,76,108,967,6,24,26,18,274,9999,52,827,204,23,7,0
39,299,70,173,967,11,31,33,19,277,9999,51,626,187,26,64,0
41.9,300.4,70,52,968,16,30,38,32,228,9999,50,389,195,19,108,0
45,303.7,81,148,957,16,36,46,35,180,9999,48,212,204,94,85,0
48.9,306.6,71,122,962,24,22,48,41,146,9999,41,34,175,101,103,0
29.5,274.6,51,190,1003,18,24,19,51,284,9999,50,22,62,2,54,0
31.9,280.8,32,106,1005,32,9,22,80,291,9999,48,120,54,24,-11,0
32.2,283.8,34,111,1003,28,359,22,54,285,9999,47,261,64,31,45,0
22.2,264.7,38,63,1007,18,38,12,321,299,9999,55,207,90,54,119,0
22.6,264.3,37,110,1009,15,43,16,332,292,9999,57,190,64,45,131,0
25.1,263.5,50,108,1001,21,62,8,6,299,9999,57,96,82,9,113,0
25.6,263.3,49,145,1002,18,74,9,17,299,9999,55,55,92,-3,69,0
26.9,263.5,51,178,1002,20,75,13,12,298,9999,55,86,109,-13,58,0
28.1,263.8,68,93,987,26,81,7,24,290,9999,54,38,125,-19,64,0
28.8,264.3,69,126,990,28,92,7,24,274,9999,51,-5,133,-70,49,0
29.4,264.5,53,129,1000,32,95,6,60,243,9999,50,-48,138,-73,17,0
29.5,265.3,40,94,1004,31,91,5,41,282,9999,51,4,98,-28,56,0
29.9,265.7,36,143,1003,37,92,2,337,267,9999,51,-22,96,-17,106,0
36.7,288,27,144,1010,26,53,3,90,281,9999,53,330,85,-28,87,0
36.5,288.5,35,137,1010,23,56,19,37,277,9999,51,380,101,-29,66,0
38.3,290.6,38,106,1009,30,65,8,97,257,9999,48,373,98,-35,72,0
38.5,292,44,159,1002,30,54,15,74,259,9999,48,410,109,6,85,0
39,294,43,54,1000,34,63,13,86,261,9999,47,478,113,14,94,0
40.2,316.7,54,74,993,37,49,16,101,255,9999,31,1071,145,105,38,0
39.7,318.4,53,172,1000,38,48,16,79,249,9999,33,1214,117,99,-3,0
40.5,319.9,48,189,996,30,40,17,39,237,9999,34,1253,128,98,11,0
41.2,320,43,98,997,21,30,11,360,235,9999,31,1213,139,107,33,0
42.3,320.1,48,105,996,15,0,13,340,229,9999,31,1155,144,92,22,0
43.3,319.5,38,131,999,16,339,10,324,220,9999,30,1060,139,35,-33,0
44.1,318.6,47,185,997,12,302,5,305,211,9999,30,958,139,44,22,0
44.3,317.9,44,136,999,11,289,2,305,212,9999,28,897,122,44,22,0
44.2,317.6,40,185,999,14,272,2,90,218,9999,29,879,127,52,0,0
44.1,317.9,37,86,996,8,245,6,47,218,9999,29,906,125,66,-10,0
44.2,318.6,36,68,999,16,224,2,55,209,9999,30,953,113,79,5,0
44.2,318.8,31,139,999,25,209,7,163,209,9999,28,968,103,95,48,0
17.6,307.2,54,168,1003,15,58,22,291,275,9999,53,1162,66,9,51,0
17.5,304.2,40,127,1008,16,36,16,288,284,9999,51,932,72,4,31,0
17.9,302.8,32,134,1008,17,15,12,294,285,9999,51,889,65,14,62,0
18.5,302.1,41,134,1006,19,37,14,287,287,9999,50,823,71,2,40,0
18.9,301.2,52,165,1005,25,49,16,285,288,9999,48,730,90,-4,8,0
19.2,299.8,42,125,1008,21,59,14,296,289,9999,51,587,69,-7,7,0
19.8,298.6,37,80,1008,21,44,9,298,290,9999,51,481,73,-15,-18,0
19.8,298,47,159,1007,24,47,10,282,289,9999,51,423,76,-20,14,0
19.5,296.8,40,125,1009,24,60,10,321,289,9999,50,295,68,-15,-16,0
19.9,295.9,38,127,1009,23,67,8,312,290,9999,51,245,54,-20,-25,0
20.4,295.3,29,73,1009,25,64,7,317,290,9999,50,251,57,-22,-1,0
20.8,295,31,108,1010,26,72,11,303,292,9999,50,276,57,-1,17,0
21.1,294.1,28,103,1008,30,80,8,307,292,9999,49,289,45,1,11,0
21.3,293.4,27,157,1007,28,79,4,13,291,9999,50,311,50,-5,13,0
21.7,293.6,26,103,1007,32,74,2,298,291,9999,50,356,52,-11,57,0
21.8,293.2,29,84,1007,34,82,6,351,291,9999,50,367,50,-8,60,0
28.4,299.2,23,149,1011,13,35,7,46,278,9999,47,1221,29,-36,33,0
29.1,299.9,28,73,1013,15,48,9,29,268,9999,46,1322,32,-52,39,0
29.8,300.4,32,189,1008,17,52,9,37,268,9999,45,1413,37,-34,15,0
31.1,301,34,101,1009,18,51,6,8,262,9999,46,1493,41,-51,3,0
31.7,301.3,31,75,1011,23,43,5,341,266,9999,45,1441,39,-8,65,0
32.2,301,29,105,1010,25,48,5,10,266,9999,45,1379,41,-32,31,0
32.8,301,23,98,1012,29,57,4,23,266,9999,41,1318,39,-62,-7,0
33.5,301.2,40,117,1010,34,56,3,29,267,9999,43,1255,53,-58,16,0
33.8,301.4,20,27,1013,34,55,10,43,265,9999,42,1233,41,-56,35,0
13.9,330.6,32,78,1005,6,183,13,307,279,9999,55,1285,89,78,50,0
14.9,329.5,38,49,1006,6,171,13,293,277,9999,54,1396,89,69,46,0
15.4,327.8,35,128,1005,3,197,13,322,276,9999,50,1578,81,71,76,0
16.6,327,42,87,1006,7,66,16,331,270,9999,50,1670,92,64,53,0
17.9,326,38,102,1007,17,53,13,329,272,9999,49,1793,97,61,32,0
18.7,324.7,51,89,1004,15,67,14,344,269,9999,48,1930,108,56,30,0
20.5,323.7,34,73,1006,19,106,9,321,270,9999,47,2006,85,37,-13,0
21.2,323.5,41,161,1006,23,118,12,323,270,9999,49,2022,75,15,14,0
22.1,322.8,31,139,1007,21,128,8,322,269,9999,47,2091,71,-4,7,0
22.6,322.3,32,150,1008,17,136,9,330,269,9999,46,2139,73,-23,-64,0
23.1,321.9,29,142,1008,19,136,8,317,268,9999,44,2178,60,-50,-30,0
23.5,321.2,39,99,1009,17,124,12,307,268,9999,43,2250,55,-41,-12,0
24,320.2,27,129,1010,17,119,9,296,271,9999,42,2353,56,-16,-23,0
24.3,319.5,34,175,1009,21,122,14,323,271,9999,42,2425,48,-28,-2,0
10,325.6,27,137,1008,3,241,14,254,285,9999,57,1562,59,11,5,1
10.3,324.3,28,134,1007,1,174,17,252,284,9999,55,1542,55,11,-13,1
10.8,322.6,47,106,1008,2,119,17,263,286,9999,57,1549,77,8,10,0
11,320.9,49,123,999,2,34,12,270,284,9999,55,1530,92,8,-12,0
11.1,319.6,62,48,996,3,26,15,282,282,9999,54,1422,96,8,9,0
11.4,318.5,63,29,992,3,136,14,286,283,9999,54,1345,95,3,15,1
11.6,316.8,64,83,992,3,82,13,293,282,9999,54,1220,103,4,42,1
11.9,315.7,71,80,989,1,181,12,289,286,9999,53,1164,110,-1,50,1
12.3,314.6,86,118,982,2,7,12,284,284,9999,53,1124,119,-6,57,1
12.7,313.8,95,139,973,7,59,12,280,285,9999,53,1106,116,-18,25,1
12.8,312.9,100,194,965,8,67,8,284,282,9999,53,1054,137,-21,62,0
13.1,311.9,117,95,943,3,80,6,309,283,9999,55,1022,173,-22,74,0
13.4,311.3,134,88,945,3,72,9,289,275,9999,54,1021,146,-26,70,0
13.7,310.6,125,168,943,8,42,6,289,282,9999,52,1019,137,-29,24,0
13.8,310,143,73,942,7,35,7,327,285,9999,53,1001,148,-25,15,0
14.1,309.7,132,141,938,7,43,7,327,284,9999,52,1017,142,-22,14,0
14.5,309.4,133,68,942,8,56,8,311,263,9999,50,1046,145,-21,25,0
15,308.9,120,116,947,10,45,9,312,276,9999,48,1081,141,-28,31,0
15.4,308.3,120,130,960,8,52,8,321,281,9999,49,1107,147,-23,27,0
16,307.6,110,131,960,3,35,6,322,284,9999,48,1095,152,-25,9,0
16.5,307.1,112,112,954,7,25,8,311,279,9999,47,1080,156,-20,32,0
17.1,306.4,118,133,948,10,35,6,302,279,9999,46,1062,165,-25,20,0
17.3,306,127,162,951,8,63,8,322,279,9999,46,1045,167,-24,7,0
17.7,305.2,121,169,945,5,28,6,316,281,9999,47,1017,172,-24,17,0
18.1,304.7,124,76,945,6,64,7,316,277,9999,47,1017,170,-20,28,0
18.6,304.1,116,79,947,8,46,8,301,281,9999,47,1026,172,-20,21,0
19.1,303.4,122,188,948,8,41,9,312,282,9999,47,962,180,-14,34,0
19.8,302.7,122,63,945,5,356,10,313,285,9999,47,898,185,-9,44,0
20.3,302,123,56,942,8,2,10,317,282,9999,48,838,190,0,57,0
21,301.2,126,121,934,12,21,11,331,284,9999,47,782,202,-2,58,0
22.1,300.5,135,87,937,12,26,13,326,287,9999,48,772,197,3,34,0
23,299.6,126,103,939,12,344,14,344,286,9999,48,759,207,20,47,0
25.9,298.4,130,84,930,15,2,14,349,284,9999,48,939,212,22,43,0
27.6,298.3,139,157,929,14,352,18,357,285,9999,51,1103,229,21,83,0
29.2,298.1,139,136,930,17,346,16,6,281,9999,49,1260,255,35,108,0
30.7,298.5,129,81,933,20,6,13,15,268,9999,49,1430,264,25,126,0
32.1,299,117,94,939,21,3,17,33,262,9999,45,1327,257,25,72,0
33.3,300.2,112,115,941,14,340,17,29,267,9999,45,1237,262,17,59,0
34.8,301.3,112,47,944,14,336,14,31,259,9999,42,1130,256,3,66,0
35.9,302.3,107,70,950,11,353,12,42,261,9999,41,1075,244,0,84,0
37.3,304.6,86,70,959,8,359,13,58,261,9999,43,1003,235,50,57,0
38,306.2,89,123,959,6,54,16,56,255,9999,41,967,245,77,58,0
38.7,307.8,103,114,952,6,45,21,55,249,9999,41,892,246,89,-2,0
34,296,40,141,1007,21,92,7,297,267,9999,42,1023,70,-22,40,0
34.1,295,39,141,1008,27,87,3,345,264,9999,42,968,81,-8,-23,0
34.2,294.6,31,142,1010,27,90,4,40,264,9999,41,942,69,3,43,0
34.3,294.8,31,62,1011,25,78,5,64,264,9999,40,940,66,24,40,0
8.1,335,34,129,1005,2,159,13,289,289,9999,56,1006,99,56,158,0
8.4,334,39,83,1004,4,256,12,290,289,9999,58,1091,105,73,168,0
8.6,333.2,41,85,1003,6,213,12,284,293,9999,57,1164,110,69,85,0
9,331.5,39,63,1002,3,45,9,334,285,9999,57,1326,137,67,87,0
9.7,330.4,45,101,1001,6,20,11,265,283,9999,56,1424,126,73,87,0
11.4,328.3,50,57,996,13,26,11,275,278,9999,50,1583,114,74,42,0
11.3,327,60,55,997,14,14,11,281,280,9999,54,1722,151,78,34,0
11.7,326.2,55,58,997,15,10,10,300,280,9999,53,1762,154,83,-4,0
12,325,51,142,999,18,14,9,297,275,9999,54,1746,138,86,11,0
12.5,324.2,48,188,1003,21,13,10,294,274,9999,54,1773,116,87,38,0
12.8,323.3,34,86,1006,23,19,11,309,279,9999,54,1782,102,81,28,0
13.6,322.6,33,95,1006,19,30,14,304,276,9999,52,1849,98,72,-5,0
14.5,321.5,29,114,1006,19,35,14,310,270,9999,52,1815,86,69,39,0
16.2,320,36,112,1007,18,41,17,326,271,9999,53,1830,86,49,14,0
16.8,318.7,30,108,1006,16,28,16,335,273,9999,50,1792,71,34,39,0
17.7,317.7,57,85,1008,22,22,16,319,271,9999,51,1801,67,25,40,0
36.5,314.1,46,99,988,41,121,10,107,227,9999,35,1282,139,162,-8,0
36.6,316,43,109,988,27,98,6,90,228,9999,35,1353,141,160,-41,0
36.5,316.8,46,71,987,27,84,2,238,224,9999,36,1400,151,185,15,0
36.6,316.6,43,101,990,20,110,8,219,226,9999,35,1381,143,177,-30,0
34.7,315.8,37,71,994,39,153,7,125,233,9999,36,1530,130,169,0,0
34.1,316.6,41,95,993,30,155,5,90,237,9999,37,1623,129,156,35,0
34.1,317.5,39,120,998,28,133,6,59,239,9999,37,1663,126,152,85,0
35,318.9,42,94,992,19,124,5,54,243,9999,37,1645,134,180,57,0
35.5,319.2,56,122,990,18,111,8,17,241,9999,38,1615,139,192,56,0
36.2,319.5,42,147,993,17,114,7,7,234,9999,37,1569,133,201,42,0
36.8,319.6,49,133,990,14,105,9,5,231,9999,39,1523,135,174,42,0
37.6,319.8,44,150,992,11,96,8,6,231,9999,37,1467,127,154,26,0
38.3,320,54,144,990,11,92,11,12,227,9999,38,1422,134,150,43,0
39.4,320.3,49,123,991,11,81,7,354,208,9999,38,1357,129,138,24,0
40.1,320.5,49,111,991,11,55,10,356,200,9999,39,1320,137,117,25,0
41.1,320.3,45,104,992,11,50,6,353,206,9999,35,1240,132,96,51,0
41.7,320.2,48,119,991,14,45,5,8,197,9999,36,1196,132,64,17,0
42.2,320.3,39,99,994,16,30,5,77,194,9999,33,1175,124,21,57,0
42.3,320.9,46,131,992,20,25,6,109,201,9999,35,1213,119,18,78,0
41,322.1,60,115,992,22,26,13,159,203,9999,31,1373,117,-3,53,0
39.6,322.6,45,116,994,18,22,10,193,216,9999,30,1497,106,-21,41,0
38.4,321.9,49,139,997,15,42,4,201,218,9999,31,1536,101,-11,27,0
37.7,321.6,49,131,998,4,74,5,198,222,9999,29,1570,103,-14,10,0
37.1,321.7,53,121,998,5,124,2,90,224,9999,30,1624,97,0,40,0
37.1,322,39,107,999,9,156,7,54,223,9999,28,1642,87,6,16,0
37.4,322.6,37,103,1003,14,158,12,54,219,9999,31,1657,74,37,31,0
38.1,323.9,39,93,1002,19,146,19,36,223,9999,33,1691,64,7,39,0
